class,aa_000,ab_000,ac_000,ad_000,ae_000,af_000,ag_000,ag_001,ag_002,ag_003,ag_004,ag_005,ag_006,ag_007,ag_008,ag_009,ah_000,ai_000,aj_000,ak_000,al_000,am_0,an_000,ao_000,ap_000,aq_000,ar_000,as_000,at_000,au_000,av_000,ax_000,ay_000,ay_001,ay_002,ay_003,ay_004,ay_005,ay_006,ay_007,ay_008,ay_009,az_000,az_001,az_002,az_003,az_004,az_005,az_006,az_007,az_008,az_009,ba_000,ba_001,ba_002,ba_003,ba_004,ba_005,ba_006,ba_007,ba_008,ba_009,bb_000,bc_000,bd_000,be_000,bf_000,bg_000,bh_000,bi_000,bj_000,bk_000,bl_000,bm_000,bn_000,bo_000,bp_000,bq_000,br_000,bs_000,bt_000,bu_000,bv_000,bx_000,by_000,bz_000,ca_000,cb_000,cc_000,cd_000,ce_000,cf_000,cg_000,ch_000,ci_000,cj_000,ck_000,cl_000,cm_000,cn_000,cn_001,cn_002,cn_003,cn_004,cn_005,cn_006,cn_007,cn_008,cn_009,co_000,cp_000,cq_000,cr_000,cs_000,cs_001,cs_002,cs_003,cs_004,cs_005,cs_006,cs_007,cs_008,cs_009,ct_000,cu_000,cv_000,cx_000,cy_000,cz_000,da_000,db_000,dc_000,dd_000,de_000,df_000,dg_000,dh_000,di_000,dj_000,dk_000,dl_000,dm_000,dn_000,do_000,dp_000,dq_000,dr_000,ds_000,dt_000,du_000,dv_000,dx_000,dy_000,dz_000,ea_000,eb_000,ec_00,ed_000,ee_000,ee_001,ee_002,ee_003,ee_004,ee_005,ee_006,ee_007,ee_008,ee_009,ef_000,eg_000
pos,153204,0,182,na,0,0,0,0,0,11804,684444,326536,31586,0,0,0,2658638,14346,0,0,29384,46356,5566182,4426834,1571480,1120644,2,0,0,0,1368,862,0,0,0,0,0,0,0,94188,960182,0,250,16,32,146,126,951126,91162,11512,0,0,702994,186172,69282,36640,20698,17720,18586,2278,0,0,7167172,692,152,1690,294,2658638,126990,355360,1215418,263620,263960,253220,260500,270840,na,na,na,255200,153203.49,7167172,7167172,1065896,2169,415352,108024,1114900,6785612,1209600,0,na,na,na,14779408.32,5602235.52,6587273.28,0,8,0,0,32854,113024,413450,341800,110462,40426,2354,0,na,0,7167172,0,556,62,11606,370336,119892,399936,149156,2826,0,0,na,na,na,na,na,na,na,na,na,16910,218,0,0,55760,1433920,0,0,0,0,51558,0,0,0,0,0,0,0,0,0,0,0,0,0,1.9,166,512878,293880,129862,26872,34044,22472,34362,0,0,0,0,0
pos,453236,na,2926,na,0,0,0,0,222,323436,2999280,20657518,12530224,913700,12670,0,18489312,19038,0,na,117902,203782,32633282,28658284,5348896,3667892,0,0,0,0,24514,1858,2273870,2608460,1424956,1607946,1409344,2051868,2227058,8113476,15720072,0,28828,33264,47402,627172,26128758,10570790,804,22,8,2,12630142,9040546,7110184,4970218,2616558,886208,160242,22100,842,10,38100406,632,1686,2018,684,18489312,447850,2507262,2827898,366980,314860,176220,232680,162300,189300,187600,189400,190440,453236.92,38100374,38100374,37843756,189372,8436120,na,565520,37437050,1209600,0,na,na,na,33480473.28,0,3935856.96,na,na,0,24598,523608,11350372,19808010,5225236,439104,59042,6950,130,na,42,38100374,na,16738,3392,1441482,1867216,1513156,21289878,11184234,120904,50,0,na,na,na,na,na,na,na,na,na,18132,2442,0,0,0,0,0,0,0,0,260830,169964,26740,73289586,16623244,1056682,155406,93686740,28423762,7966,382610,0,0,432739640,na,na,4079752,13176956,7908038,3026002,5025350,2025766,1160638,533834,493800,6914,0,0
pos,72504,na,1594,1052,0,0,0,244,178226,1249396,3813464,4876588,1202196,80186,5892,1154,na,na,na,na,na,na,na,na,na,na,0,na,na,na,6488,1414,0,0,0,0,0,0,605072,8238656,2563618,0,8592,7120,15282,23666,1102276,10250396,14,0,0,0,7118800,2398182,787330,396066,243178,157416,110850,103378,72600,19546,na,366,234,90,4,na,na,na,na,na,na,na,na,na,na,na,na,na,72504.05,na,na,11636426,35035,1402,na,na,11407346,na,290216,0,1180,0,5581807.68,0,5817712.32,150,780,27232,622982,2436254,5437272,2478172,372132,28154,4912,236,0,8,16,na,na,6672,1154,2769170,2753324,3317804,2547452,11770,0,0,0,2210,3508,5359592,113530,0,6,0,0,5805990,14806,4982,0,0,0,0,0,0,0,0,na,42400,7362,0,0,339296,53004,88760,10772,0,0,0,0,1550150,2365.36,2720,5935440,2161030,1432098,372252,527514,358274,332818,284178,3742,0,0,0
pos,762958,na,na,na,na,na,776,281128,2186308,8123016,18022646,17301098,6753568,649400,33662,0,14649948,0,0,na,5043850,7995294,30556606,30750228,11311258,4023056,na,0,0,0,na,na,na,na,na,na,na,na,na,na,na,na,na,na,na,na,na,na,na,na,na,na,13248978,22775258,9051478,3522892,1865404,1339114,808046,603756,121146,15530,46928678,na,na,na,na,14649948,625808,4416756,6867730,360880,360780,362340,312140,332700,301160,357580,399320,231440,762958.1,46928678,46928678,58063226,264513,na,na,809460,53351602,1209600,na,na,na,na,39460076.16,0,6396803.52,na,na,598472,3427866,13985542,19947034,11835244,3217070,305942,32080,2320,32,na,na,46928678,na,44018,7646,3005974,2626958,22675436,24722062,269506,2,0,0,2568,9484,11671410,3283150,282,2846,0,0,12020128,na,na,na,na,na,na,na,na,na,na,382508,na,na,na,na,na,na,na,na,na,na,na,na,na,na,na,na,na,na,na,na,na,na,na,na,na,na,na
pos,695994,na,na,na,na,na,0,0,0,55620,1190014,2406704,2654968,190640,6104,0,30746644,154572,402,na,248428,488246,64433246,53994294,20596998,10304200,na,0,185644,0,na,na,1769754,740312,476838,174168,133332,131930,181448,2539358,356910,0,7328,4408,7264,121698,5067472,1281252,14628,0,0,0,3262426,1210306,559028,414950,388106,362616,232360,73554,704,0,85291506,na,na,na,na,30746644,1026298,8748078,11823802,319980,347260,326760,342440,289980,277580,288080,265480,104560,695993.19,na,na,6608430,31203,na,na,456420,6504050,1209600,na,na,na,na,69538630.08,0,13983552,18944,na,0,0,74516,1113542,3627196,1523946,138200,23354,3282,14,na,na,na,na,6230,26952,809876,482260,2464090,2637700,76932,10,0,0,na,na,na,na,na,na,na,na,na,na,na,na,na,na,na,na,na,na,na,na,na,na,na,na,na,na,na,na,na,na,na,na,na,0.1,0,1073478,3141688,1397742,495544,361646,28610,5130,212,0,0,na,na
pos,1056758,0,42328,856,0,0,0,50394,184552,2116260,8359268,6371434,639894,51190,4638,0,39454610,431612,2782,na,4715344,7735174,78912322,72142386,39047734,10263578,6,0,0,0,34274,13358,0,0,0,0,0,0,268560,13072594,4436476,0,37508,16514,21030,32408,572048,15167946,1083288,846888,0,0,4941978,2295090,1757550,1255152,996850,823728,705760,692240,382398,3926884,122690152,28632,55552,69552,20,39454610,1238960,22612972,16403106,239060,245160,223840,243340,252460,174080,191660,286040,93040,1056757.35,122690152,122690152,37485530,158366,328218,na,347380,33755552,1209600,1509754,0,66,0,53167146.24,0,4672391.04,882,3704,82166,223794,798812,1843556,2970768,2409502,3005466,2641884,1821016,1980666,3138,72458,122690152,0,26206,3270,653530,633870,554164,12894082,2987228,25140,140,0,1526,3396,2320620,1217266,0,168,0,0,2849282,98634,18932,na,na,na,na,na,na,na,na,724196,351394,119428,134116954,17043728,1424784,257018,5243680,5958964,25101716,1144778,0,0,na,7445.3,7276,1415192,1779796,1450086,713608,1750894,4054554,4096660,2295880,220478,482,0,0
pos,361638,0,280,na,0,0,0,0,0,0,193768,1213998,611458,165512,39040,3452,14390070,1762456,122,0,640976,1300110,24676606,21110074,7930028,3690164,0,0,0,0,684,102,0,0,0,0,0,0,1666,1180176,1045386,0,1964,1154,1534,2378,6918,848604,1364674,2,0,0,1268010,298410,140476,85390,60496,47206,38348,39046,27744,222102,33250190,160,216,94,88,14390070,583524,2354852,5560794,264040,232480,220080,199000,227540,270520,232760,232200,104400,361637.81,33250190,33250190,2329782,10227,30300,15828,555820,2228198,1209600,0,na,na,na,21693175.68,1061023.68,9257094.72,32,252,0,0,4976,326792,882200,507828,258188,180400,54716,12128,na,0,33250190,0,2380,292,407708,398100,129078,829012,453812,6840,6,0,na,na,na,na,na,na,na,na,na,2592,146,0,0,11830,116338,0,0,0,0,352498,12146,3022,4536022,708268,76250,9704,2819000,450506,2326980,1932,0,0,0,655.5,718,751594,396816,266410,114746,180006,108294,111218,264410,33734,0,0,0
pos,791254,na,na,na,na,na,0,14868,921256,9292232,17829808,16418686,5286406,370400,15482,0,16175962,12142,0,na,4115140,6289860,35402544,33278180,13792288,4396396,na,0,0,0,na,na,0,0,0,0,0,0,48206,32339732,17761200,0,291518,192100,156468,142506,38551590,10814792,162,2,0,0,10722776,13721260,8503616,5099010,3309960,2280026,2307222,3015564,738916,450788,53326088,na,na,na,na,16175962,570394,3965738,9803976,389780,335600,272280,241120,232480,246140,257300,293720,502860,791253.58,53326088,53326088,52153362,281154,na,na,1168940,50149138,1209600,na,na,na,na,41232372.48,0,8856571.2,na,na,7254,596600,7713378,6916904,11272358,14883860,7258736,1460916,38966,166,na,na,53326088,na,68136,11932,1957784,5499446,2049652,26852268,13372038,337520,362,0,8082,48246,35641650,16404972,692,106652,0,0,37971484,na,na,na,na,na,na,na,na,na,na,381376,na,na,na,na,na,na,na,na,na,na,na,na,na,na,na,9385322,6823460,3625532,1380864,3262488,5727988,7563752,12114820,264714,198,na,na
pos,1053152,na,na,na,na,na,2,2,30,192,37434,4709942,43033510,20954334,500942,10284,16955528,51008,426786,1210968,0,0,37876920,32959188,8702712,3872498,na,0,0,0,na,na,0,0,0,0,7578,1895384,17395552,49516936,431222,0,138178,158238,339656,950550,44251148,23408610,288,2,0,2,24605944,12097250,6435996,5124066,4349994,4904758,7483726,4144662,100214,62,46584520,na,na,na,na,16955528,520360,4118420,4564742,285300,225260,233900,253880,261280,266640,213320,239900,155980,1053151.71,46584520,46584520,74903000,507469,na,15976,554120,69246672,1209600,na,na,na,na,60292992.96,0,8926228.8,98304,na,0,0,1930,701720,17052816,29824366,7595082,634144,165056,13271558,na,na,46584520,na,60410,11230,6420734,3411884,8109784,46938842,4197902,95830,56,0,na,na,na,na,na,na,na,na,na,na,na,na,na,na,na,na,na,na,na,271410,na,na,na,na,na,na,na,na,na,na,na,na,na,0.92,0,9211202,14118666,7093206,3379622,7362340,8442584,8120144,5082396,6259760,176752,na,na
pos,785270,na,na,8994,na,na,0,0,0,0,0,0,0,0,0,0,21002694,0,12830,na,5792164,9139892,46717246,47327158,17820990,4131950,na,0,0,0,na,na,0,0,0,0,0,0,0,0,0,0,0,0,0,0,0,0,0,0,0,0,0,0,0,0,0,0,0,0,0,0,70369780,na,na,na,na,21002694,770542,8160358,9621214,325140,263720,251340,272060,270480,236920,260920,344820,363580,785270.68,70369780,70369780,214,0,na,na,1132040,0,1209600,na,262,26,0,48720310.08,0,13328594.88,0,0,0,0,0,0,0,0,0,0,0,0,7396,na,70369780,na,0,0,0,0,0,0,0,0,0,0,13878,19794,43400160,14200558,4744,294412,0,0,45214496,na,na,na,na,na,na,na,na,na,na,398140,na,na,na,na,na,na,na,na,na,na,na,na,na,0,0,0,0,0,0,0,0,0,0,0,0,na,na
pos,912384,na,na,na,na,na,0,0,0,0,12410,3444142,46023314,16217464,522104,9322,25738014,25152,58,na,0,0,48265972,37880966,20583684,10167390,na,0,3108,0,na,na,0,0,0,0,0,3732294,28207790,33031304,1257368,0,181192,185874,771600,45584242,18835804,670044,0,0,0,0,14569932,15183546,5093226,4697956,4344838,4549974,5979774,11333846,475658,6,68855276,na,na,na,na,25738014,993618,8645906,11879130,397540,345240,315160,380820,346880,341660,404160,357020,315460,912384.2,68855276,68855276,68904822,526669,na,na,1010980,66228756,1209600,na,na,na,na,55478685.12,0,10707326.4,na,na,0,0,0,130734,11972804,38796712,13979888,1181270,150978,16370,na,na,68855276,na,74452,13146,5635620,5276366,30592078,23530886,1102126,4082,0,0,na,na,na,na,na,na,na,na,na,na,na,na,na,na,na,na,na,na,na,655456,na,na,na,na,na,na,na,na,na,na,na,na,na,na,na,10887134,15039430,7958290,3800292,8566444,8613822,5996898,2777986,2539192,49268,na,na
pos,281324,2,3762,2346,0,0,4808,215720,967572,2037438,3416030,1725790,297726,26190,0,0,10093048,80772,0,0,3166680,6330452,14884214,13362180,9595596,4032312,2,0,0,0,17598,4170,0,0,0,0,0,0,86034,4767914,3837326,0,8004,5118,8170,16648,479842,4227768,2128916,1816808,0,0,4705858,1243830,778766,430078,298428,217722,191462,215096,85502,524532,27646704,5200,4896,3234,2,10093048,341440,1448608,8125930,611500,410680,521600,413300,377500,494900,431300,433620,562160,281324.17,27646704,27646704,27550424,39242,1766,92132,1024200,27168776,1209600,483824,0,214,0,15545869.44,5166424.32,6444276.48,374,932,629304,1071282,1876542,1275236,1231160,775526,803530,578972,377102,72620,254,364,27646704,0,2732,306,825600,2382658,505540,2839350,2125232,9818,38,0,3856,6116,12914046,3518170,0,5810,0,0,13142782,17832,3246,0,0,2910,5171790,0,0,0,0,298434,85778,17294,23960460,3594930,518438,92678,218540,35036,15504960,90628,0,0,4983910,886.02,828,3787316,926638,624606,269976,638838,1358354,819918,262804,2824,0,0,0
pos,43482,0,1534,1388,0,0,0,0,40024,493856,6831358,12916128,6733314,794698,4422,0,10301516,11296,44,0,728878,2036492,13602734,5508070,18848456,7723186,26,0,0,0,7306,348,0,0,0,0,0,0,0,291972,27339768,182060,49192,6756,7406,13782,31330,1890822,23399636,1680894,733982,0,24307974,2434536,504640,274042,107830,77106,60000,42816,4410,446,33186736,29510,34446,3802,4,10301516,461414,4125432,14710494,802880,790060,783560,749440,710040,524280,748940,745040,319560,43482.96,33186736,33186736,32428662,33960,6690,93132,465360,27853888,1209600,753376,0,940,0,6318933.12,18649909.44,2790524.16,82,8528,9608,125408,3091456,8224430,11605136,3766466,563668,313436,112250,1942,72,244,33186736,0,62352,8918,6363150,11463308,1798226,5380020,2630820,106804,202,0,2274,702,4572798,731960,0,358,0,0,7006946,146456,16028,1217240,20880422,0,0,0,0,0,0,481666,3130,420,0,0,161020,21988,12160,8128,0,0,0,0,3482750,17760.86,20336,22205204,3909586,497196,121166,202272,232636,645690,50,0,0,0,0
pos,406084,0,12182,na,0,0,4372,140526,813320,1929702,3330912,4614594,1811208,655996,42946,468,14076696,73282,2206,na,3359090,4594492,26575558,25798936,8264578,3583220,38,0,0,0,17404,2360,0,0,0,0,0,0,648976,8448930,4246138,0,114628,78614,131644,170284,3154200,6827316,1915328,952030,0,0,6491264,1809280,1239070,873826,694672,529726,405010,324398,165838,810960,38198706,3666,14444,8838,0,14076696,415094,2099426,6138608,287600,387920,337120,430120,369340,482500,359220,252700,142780,406084.22,38198706,38198706,32170588,67267,33156,na,677900,31417354,1209600,861952,na,na,na,26486839.68,0,10309877.76,4100,7032,455934,810974,1125042,1687980,3472086,2358236,1819364,1173036,404770,36622,na,1110,38198706,0,5436,624,1129158,3250118,660294,5322082,2911476,64618,238,0,11958,30540,23144100,6789044,1200,102858,0,0,24532044,47490,2112,na,na,na,na,na,na,na,na,266328,80864,18182,29049706,6357446,632636,130338,5943880,718400,24327480,41270,0,0,na,2029.22,1688,4734878,2124536,1232302,545414,997594,1786530,1118296,767068,37398,28,0,0
pos,199350,0,468,58,0,0,0,0,0,100714,1590532,1711948,649544,95398,7226,0,0,0,0,0,0,0,0,0,0,0,2,0,0,0,3700,508,0,0,0,0,0,0,0,437824,3717538,0,12694,5870,6668,10820,94506,680994,3339262,4548,0,0,1395894,1381280,368640,278254,196262,145382,112084,130346,88076,59144,0,2010,382,4520,46,0,0,0,0,na,na,na,na,na,na,na,na,0,199349.31,0,0,4269064,28571,1960,0,0,4157218,1209600,326812,0,90,0,10461493.44,113552.64,3109500.48,172,1154,0,9426,793934,1267904,1402370,551590,120050,8836,1190,62,3066,10438,0,0,4234,530,422472,296280,395488,2964102,72144,112,0,0,62,288,3186700,983782,0,442,0,0,3260800,12324,2930,10,107010,0,6798,0,0,0,0,0,44922,9992,23166422,3749362,245926,80464,114180,19712,13706486,9022,0,0,65111070,1610.64,1662,993706,544308,282224,95380,237386,479518,899682,615538,7440,180,0,0
pos,892422,2,1342,1100,0,0,0,2716,656148,6846624,21333132,22695462,8334248,1986652,327964,17764,26875368,235886,94,0,2294762,3437188,46652870,41451492,15255118,6687458,6,0,0,0,6186,1228,0,0,0,0,0,0,23792,13840832,48285686,50400,52244,34994,48384,71232,185406,49097488,5554344,7109344,47274,0,23012672,7833952,5720658,5127916,3904614,2748506,2239066,2139132,1144070,8330124,64205334,3642,22626,99908,1378,26875368,731486,3958206,11270660,265460,346980,347980,356440,296880,334560,373960,401500,34220,892421.26,64205334,64205334,63813102,419321,21616,86480,50780,62212374,1209600,1260042,548,1032,0,43941357.12,1535.04,18235850.88,1216,5454,176938,1229048,6005028,8426506,13212502,12192052,10233412,7058654,2809886,856684,6860,6932,64205334,0,36586,4658,5471602,10833706,3557272,39006848,3216320,73358,348,12,1618,3184,43559262,23029052,0,27436,0,0,44009312,40460,612,0,0,610,1946,0,0,0,0,449008,260914,82750,93766826,14978470,911038,187328,116960,43454,58337656,43900,0,0,733953930,12161.64,10284,18397906,4428482,3500996,1980134,5102372,7882256,14095922,6605678,206190,774,0,0
pos,1086734,na,na,na,0,0,0,0,0,0,30852,6514980,60480536,11500936,150142,48,30292908,150728,122,na,0,0,56559980,42526318,24635450,12821428,0,0,0,0,0,0,0,0,0,0,0,9836,195734,24314768,54160294,0,145308,138502,146152,139038,23191556,54215478,704588,8,2,0,28645872,13510036,6015268,4470444,4165454,6946892,11099530,3726698,99988,538,81200538,808,1778,2608,3250,30292908,1425526,11792288,12784598,390680,404820,403480,358260,373200,380560,352620,329860,11840,1086733.01,81200538,81200538,80212834,573445,3052318,na,42860,78681216,1209600,0,na,na,na,67056136.32,0,11561998.08,0,0,0,0,0,776778,33511648,38907668,5050048,385386,48232,960,na,0,81200538,na,50478,11412,2839770,6988174,28318670,39379702,1089922,2592,0,0,na,na,na,na,na,na,na,na,na,30426,2228,na,na,na,na,na,na,na,na,862028,1167566,285656,0,0,2583386,426868,46558460,16652020,0,0,0,0,na,22764.6,24858,11866174,17692108,10418606,5879290,12787218,11547080,5935580,1598690,932418,22944,0,0
pos,176346,0,6982,5922,0,0,0,0,65836,1630616,6046848,8558602,3968884,1505456,226574,9498,9383512,62856,0,0,333186,588808,16831678,13634210,6167358,3167918,2,0,0,0,12492,662,0,0,0,0,0,0,0,11303786,10708528,0,76870,57096,115770,252764,893158,18717854,1037794,861006,2,0,11880844,3578322,1332820,949220,754338,620842,535542,453510,230214,1676662,23334738,4392,3532,11184,444,9383512,333218,1549580,4605254,330380,252020,315720,314280,348540,479600,409580,359020,71820,176346.98,23334738,23334738,23120580,93881,5442,10950,324340,22020288,1209600,805308,2520,410,0,12745801.92,4301268.48,4953680.64,2834,7114,4476,173284,1546138,3046078,6818106,5035720,2172564,1337050,1191700,687198,266,302,23334738,0,23138,2884,5299354,3383890,1627112,8260900,3315736,98514,786,0,11016,1042,12114810,2107980,40,112848,0,0,13123484,46552,800,4334400,5418598,0,0,0,0,0,0,218208,71196,14194,0,0,747882,123950,546180,94506,0,0,0,0,28429950,7061.74,7040,9531556,4754898,2428526,720862,1189150,1710512,1018248,626354,32208,0,0,0
pos,959094,2,288,266,0,0,0,0,0,0,180878,3527598,1437266,358734,34896,246,34316356,970,0,na,3659866,5410470,60895560,54661178,35672986,8984876,0,0,0,0,104,2,0,0,0,0,0,0,0,737488,4802130,0,4422,4162,6766,30928,59916,5432664,760,0,0,0,2742524,1094932,458854,302584,202882,144236,122362,113206,63432,294606,100221284,6396,7680,3164,16,34316356,1216320,24814532,10835196,460040,448780,439420,429600,457420,436340,431660,467380,433060,959094.61,100221284,100221284,100086130,25709,938,na,1022980,78726988,1209600,157164,0,24,0,57966045.12,14783636.16,5992511.04,72,922,0,0,1204,335736,2785566,1476710,511120,344432,82570,2280,20,20,100221284,0,3732,412,1311444,496824,254166,2968300,502452,2288,0,0,660,4,3655756,1520958,0,56038,0,0,3904738,4614,1956,0,0,490,1254026,0,0,0,0,713658,25352,4386,0,0,192112,24912,232740,38322,0,0,0,0,62117860,939.3,892,1705240,922008,790862,256590,566132,1192120,86112,16760,3794,0,0,0
pos,896410,na,na,464,0,0,0,0,0,1062,58674,1823578,5273320,2683088,104930,6366,35259548,10314,0,na,16560,32516,52298044,44330930,9272536,6742362,0,0,25982,0,20142,2424,0,0,0,0,0,354854,1797082,6492188,1306890,0,23574,8186,9926,16496,1215938,8676894,0,0,0,0,1313928,2297656,795418,890228,918026,899828,1190320,1445756,198332,1522,61596716,304,704,1264,358,35259548,922254,3430188,5773538,240440,216440,215920,180320,160740,173860,154720,174620,184760,896409.34,61596716,61596716,10005498,81325,19898,na,983740,9951030,1209600,1819184,1950,954,0,54684053.76,0,5204915.52,0,0,0,0,5022,345220,2296024,5005900,2144628,127954,23448,2818,3108,12518,61596716,na,9732,2788,270534,1280386,5863782,2172184,351268,340,0,0,450,3678,7153184,0,0,41728,0,0,8294560,37704,920,na,na,na,na,na,na,na,na,604088,531914,150006,13253600,135064,1852836,317422,1763960,26549348,34440594,51632,0,0,na,6276.44,4578,876968,2181864,1854974,818192,1365076,949514,802750,516852,581096,3730,0,0
pos,392526,na,na,na,na,na,0,0,0,140,3052794,21106746,46084160,8260770,113934,0,29447700,3592518,972,na,24362,84412,42609000,23405842,38012598,18811550,na,0,21868,0,na,na,0,818,4944,5776,8862,29543498,34902954,13923920,227772,0,47244,17144,24274,41496,345586,78117352,22928,1974,226,320,55981496,8258310,3392938,2606504,2532514,2589482,2874008,384896,0,0,80658332,na,na,na,na,29447700,1453754,8291038,29680166,909300,900780,859040,844060,741340,712800,680160,698880,474140,392526.84,80658332,80658332,80726894,275590,na,na,650720,78620148,1209600,na,na,na,na,47054801.28,1404696.96,30113370.24,na,na,0,0,84336,4949614,15934552,37968376,16937598,2300438,418040,27194,na,na,80658332,na,64680,16520,8036838,21140716,7484964,27914078,13750458,211894,0,0,na,na,na,na,na,na,na,na,na,na,na,na,na,na,na,na,na,na,na,1124398,na,na,na,na,na,na,na,na,na,na,na,na,na,na,na,32616180,32435710,5384816,2076164,2854136,2445814,583594,210220,11738,172,na,na
pos,460990,0,3322,212,0,0,0,1094,63812,911674,4005628,3961120,1129718,170674,5732,58,13581256,1802980,0,0,3316428,8650054,11402636,6322046,17172476,7369820,40,0,0,0,11340,2560,0,0,0,0,0,0,204610,6068622,3976278,0,4152,1472,1922,2668,64406,9250410,494474,430006,0,0,3507352,1617052,1284432,914234,589396,420188,311014,261596,147566,1196680,31892918,4508,8268,10238,30,13581256,416788,2411816,14755274,724460,677480,750280,787840,749340,685960,666360,656500,311860,460989.77,31892918,31892918,31610676,65906,345508,14860,421640,31349590,1209600,687656,0,20,0,23904058.56,0,7441516.8,4,194,15424,55668,560190,1301068,2754086,2525904,1619200,700244,390676,327050,38,3048,31892918,0,5962,868,1679374,334180,536696,7189072,498532,4772,54,0,312,886,2006450,696360,0,0,0,0,2143430,28756,4158,0,0,0,0,0,0,0,0,483614,239010,46990,34750532,8482562,732490,134458,12015700,2135310,10076556,53000,0,0,76249830,1750.42,1804,2201442,1107896,864476,336864,820060,1116896,2489538,1271120,41198,20,0,0
pos,1086734,na,na,na,0,0,0,0,0,0,30852,6514980,60480536,11501290,150142,48,30292968,150728,122,na,0,0,56560208,42526336,24636188,12821538,0,0,0,0,0,0,0,0,0,0,0,9836,195734,24315122,54160294,0,145312,138502,146152,139044,23191566,54215812,704588,8,2,0,28646226,13510036,6015268,4470444,4165454,6946892,11099530,3726698,99988,538,81201502,808,1778,2608,3250,30292968,1425534,11792798,12784822,390680,404820,403480,358260,373200,380560,352620,329860,12560,1086733.01,81201502,81201502,80213746,573445,3052318,na,43820,78681570,1209600,0,na,na,na,67056136.32,0,11562346.56,0,0,0,0,0,776778,33511648,38907668,5050354,385434,48232,960,na,0,81201502,na,50484,11414,2840076,6988178,28318676,39379732,1089922,2592,0,0,na,na,na,na,na,na,na,na,na,30426,2228,na,na,na,na,na,na,na,na,862040,1167566,285656,0,0,2583386,426868,46558460,16652020,0,0,0,0,na,22768.28,24862,11866528,17692108,10418606,5879290,12787218,11547080,5935580,1598690,932418,22944,0,0
pos,33326,na,1298,na,0,0,0,3564,317530,1994798,867174,52518,3564,0,0,0,1151516,15630,0,0,455764,755416,1957576,1953412,904324,348662,4,0,0,0,3446,306,0,0,0,0,0,0,2862,977518,2164770,93998,43212,17258,18444,31138,1202844,1926252,0,0,0,0,544152,1383312,317672,238488,172800,127544,105556,111942,131948,105734,3317826,104,412,628,2,1151516,51476,226150,676666,352140,301180,na,na,na,na,na,na,248880,33326.24,3317826,3317826,3317522,20720,44500,88104,896540,3239148,1209600,0,na,na,na,2083135.68,613213.44,539152.32,634,974,23934,871786,1926800,367282,38524,9294,1452,76,0,0,na,0,3317826,na,1692,174,390590,822654,576966,1439044,8028,0,0,0,na,na,na,na,na,na,na,na,na,2436,104,0,0,1130,614148,0,0,0,0,42644,22042,3746,18988,3678,104702,14504,7442640,922764,0,40106,0,0,23326270,417.32,508,1162614,479098,439734,235812,431494,307222,134548,47684,942,0,0,0
pos,776540,na,4210,na,0,0,0,0,0,3444,633036,8160018,27721940,12657456,415012,3174,25729930,3928,42,na,17008,33604,43713062,38767180,7398010,4359462,0,0,0,0,4908,254,0,0,0,0,0,926404,15811478,18368810,14487388,0,279848,478320,685660,2536938,37521456,8072248,19608,0,0,2,22159700,8026592,5298680,4196126,3469294,2519948,2263114,1428220,219050,13356,51132050,3890,3994,782,34,25729930,772740,3600654,3781258,162180,235760,226820,258140,243000,215160,184320,170980,47240,776539.58,51132050,51132050,50705016,283555,250392,na,259860,49594080,1209600,1533168,na,na,na,41912154.24,0,7639304.64,0,0,0,110,158138,3218618,16871472,23574878,5385902,338966,45252,744,na,1772,51132050,na,35170,6310,2473004,2519662,2620832,35809340,5979352,150376,34,0,2978,4036,34873464,643164,110,114906,0,222,38102948,21982,442,na,na,na,na,na,na,na,na,385142,598572,148750,92541684,18584810,2022872,342592,4184620,1598064,47146564,19082,0,0,na,11715.38,14144,7917796,7004684,5743474,3287374,6537582,5775276,5167240,3502940,4578868,78846,0,0
pos,590444,na,0,na,0,0,0,0,0,7010,773788,8481678,22931480,7303726,107950,0,20237306,65714,0,0,10038,21302,33591636,28409476,9150186,4488450,0,0,0,0,0,0,0,562,26574,28356,64138,767336,12403496,13173520,13141646,0,94928,121420,287334,388878,7652670,30791716,268622,50,6,4,16560318,5398126,3324420,2353502,2306162,4835738,4683216,144144,0,0,42758464,0,3310,2040,2332,20237306,644490,4885012,4174696,284480,216940,254620,190960,267600,169320,218280,194220,103460,590444.51,42758464,42758464,42286928,247806,3127698,108894,335120,39605646,1209600,0,na,na,na,34008962.88,0,5563301.76,0,0,0,0,88232,3056966,14388578,18423134,3372552,228672,45886,1608,na,0,42758464,na,29010,6182,1782572,3117638,2956826,28216568,3465014,31796,20,0,na,na,na,na,na,na,na,na,na,14456,776,0,0,0,0,0,0,0,0,377748,298356,53892,0,0,794332,123270,24931580,4697512,0,0,0,0,274606010,13748.24,15500,5844974,7512636,5177836,2567578,5234638,4877190,3544400,1805986,2901856,138534,0,0
pos,1229076,na,1358,na,0,0,0,0,28338,1871100,8814556,8122462,2357844,80406,0,0,37517676,6210,1516,na,4586886,6777052,68030900,60219012,23073302,9657922,6,0,0,0,4518,1292,0,0,0,0,0,0,13048,5783074,15478584,0,193192,35732,31938,92516,20759944,161376,8,0,0,0,5963626,6741058,2824978,1887740,1136452,885028,1358382,475662,1780,0,95714376,2316,5226,5532,0,37517676,1335114,6269936,16768866,255660,285660,240400,248820,251380,287060,278880,268080,221920,1229075.42,95714376,95714376,22326852,106899,480350,na,1140840,21274706,1209600,0,na,na,na,69677277.12,0,21491556.48,3422,9620,54,329254,4546692,9044642,5228000,1841696,229650,48622,6096,0,na,0,95714376,na,22514,7246,1856696,3451272,1592018,13489694,844094,11172,0,0,na,na,na,na,na,na,na,na,na,64618,2164,0,0,0,0,0,0,0,0,828900,50006,19996,0,0,627910,105408,20922440,2577446,0,0,0,0,127581630,14754.16,12608,5105180,3330102,1451244,571890,1592832,8443466,595324,137268,47366,34,0,0
pos,189342,0,2902,na,0,0,0,29190,421322,2766290,4166820,3406008,840692,82726,4174,0,4722588,0,0,0,1512618,1983602,8722848,9111382,1835716,774364,0,0,0,0,8828,2552,0,0,0,0,0,0,0,1948958,9768264,0,15448,6610,8442,9474,17652,7785276,1561932,2312384,4,0,3450318,2673018,1674150,975124,663572,465834,346190,316862,181896,970258,12074006,9588,13454,4024,0,4722588,146508,635278,1196834,168740,160580,190000,193700,178480,214440,149800,170700,197520,189342.35,12074006,12074006,11961876,71702,11026,105068,1164840,11735412,1209600,0,na,na,na,10306516.8,0,1413129.6,86,1566,172976,475800,1025960,1385928,2298486,2178108,2197616,1547342,383900,51106,na,0,12074006,0,15846,2430,943462,628190,430938,7632144,1999030,64988,194,0,na,na,na,na,na,na,na,na,na,12412,700,0,0,0,0,0,0,0,0,100322,63752,18248,16821056,2726716,480500,71998,19662400,2170452,607268,162306,0,0,6270570,na,4860,1469598,1877694,1267074,510930,1096130,1691060,2906218,844034,54484,0,0,0
pos,391232,na,0,na,0,0,0,0,0,16060,1440448,11296076,12653830,1600216,7044,0,13114812,3352,0,0,16656,34216,23550804,20207260,5428178,2648072,0,0,0,0,0,0,0,0,0,0,0,1445866,13494078,8178814,3894916,0,31272,22794,33422,68566,5020996,21767214,69364,36,10,0,10976996,3465788,1908896,1785732,2038234,2453886,2974082,1397032,13028,0,29002938,1252,2246,1554,3874,13114812,391412,2865512,2534932,207420,197160,198100,227920,238560,214740,203540,196980,195840,391231.11,29002938,29002938,28474512,176951,2526204,61804,1097360,27013674,1209600,0,na,na,na,24243192,0,2735322.24,0,0,0,0,326714,5806278,13394866,6674342,685104,107684,18238,448,na,0,29002938,na,27902,6490,1287182,1097726,2609064,20919946,1042094,23270,0,0,na,na,na,na,na,na,na,na,na,24372,1232,0,0,0,0,0,0,0,0,231968,469848,89978,0,0,1208602,154900,49432920,5865746,0,0,0,0,201098730,14322.08,16316,2922640,5570832,5101874,2581406,4567980,3368454,1950574,704330,245478,106,0,0
pos,1371632,na,na,na,na,na,0,86114,1598732,18412354,43533168,38614924,18941596,4051016,229074,0,35945954,6430,348736,na,6869074,10094936,92300734,86540662,26752452,11520172,na,0,0,0,na,na,0,0,0,0,0,0,226702,70982714,54257562,0,113492,162064,308564,644948,87839714,36398194,2,0,0,0,20612942,44177946,12703198,10273126,10060564,7821608,5530198,4844798,2782696,6659902,125919114,na,na,na,na,35945954,1261638,7118586,19619564,317160,595700,533420,481340,435160,300380,290180,330460,22780,1371631.54,125919114,125919114,126424790,679749,na,na,59860,125466978,1209600,na,na,na,na,80354438.4,32908795.2,12199011.84,na,na,54030,2882916,21002420,43543382,40928522,15522356,1412078,106848,14180,246,na,na,125919114,na,37924,9568,8523868,10029562,17786438,86445752,2607434,26426,6,0,na,na,na,na,na,na,na,na,na,na,na,na,na,na,na,na,na,na,na,717162,na,na,na,na,na,na,na,na,na,na,na,na,na,na,na,45480292,17066678,11579570,4418522,11696242,29071678,5933448,200088,20460,0,na,na
pos,110502,0,8,8,0,0,0,0,0,0,5030,280548,268428,70162,0,0,8938374,19356,0,0,232322,356606,18167086,16623118,3218072,1625544,0,0,0,0,50,4,0,0,0,0,0,0,0,2080,622088,0,300,144,260,2272,40014,581178,0,0,0,0,458006,68204,28318,17660,12622,9904,9068,8404,7268,4714,21618052,0,0,4,0,8938374,245880,780188,2427598,263640,194020,205680,167020,154000,133760,179440,247900,278460,110502.91,21618052,21618052,21542300,1744,412,95988,1040700,21351930,1209600,15284,0,12,0,7940548.8,9543262.08,3855864.96,2,64,0,0,0,23488,169176,309264,93712,25094,2806,628,0,2,21618052,0,342,44,78384,138724,109138,218078,75882,3568,8,0,4,12,236938,3610,0,0,0,0,253174,558,84,0,0,300,296712,0,0,0,0,116530,2456,460,0,0,17284,3446,18280,2740,0,0,0,0,0,102.1,102,382536,72078,50822,22460,36744,20498,15926,21798,1306,0,0,0
pos,463710,na,0,2014,0,0,0,0,0,0,0,0,0,0,0,0,14452210,33356,0,0,1133300,1792154,22098094,17214068,11835406,5567628,0,0,0,0,0,0,0,0,0,0,0,0,0,0,0,0,0,0,0,0,0,0,0,0,0,0,0,0,0,0,0,0,0,0,0,0,35067832,0,0,0,0,14452210,439684,1910496,9919428,674600,358740,361060,370000,362120,303360,463200,468760,617480,463710.36,35067832,35067832,1226,0,0,94972,1175500,0,1209600,0,1238,1688,0,25073510.4,3037684.8,6278898.24,0,0,0,0,0,0,0,0,0,0,0,0,728,0,35067832,na,0,0,0,0,0,0,0,0,0,0,3884,7630,24339910,10893632,1846,3816,0,0,25505462,0,0,0,0,0,0,0,0,0,0,302466,0,0,0,0,0,0,0,0,0,0,0,0,0,0,0,0,0,0,0,0,0,0,0,0,0,0,0
pos,515386,0,na,na,na,na,16186,530916,2260600,5492920,8393696,10461300,3806918,885154,181168,21030,14818484,42680,862,na,4262312,6402880,29630020,30369590,6808180,2827518,na,0,756,0,na,na,0,0,0,0,0,0,302504,10469990,21222262,55132,262236,111490,146826,277762,17791796,4470306,8615778,373694,0,0,14637038,4119506,3121528,2357204,1684858,1261934,928250,756098,388082,2795390,40701940,na,na,na,na,14818484,352074,1564820,5227898,183800,157100,245760,228940,302720,290320,326860,229360,222340,515386,40701940,40701940,40523238,215471,na,na,748000,40074280,1209600,na,na,na,na,25118376.96,0,14950951.68,3224,5170,1803010,2561900,3544376,3400312,5132672,4640008,3736566,3339460,2836172,1055412,na,na,40701940,0,15458,1712,2988378,4617124,3104428,18963262,2277568,81008,948,2,876,9382,10530290,4525120,478,7318,0,0,10671632,na,na,na,na,na,na,na,na,na,na,247250,na,na,na,na,na,na,na,na,na,na,na,na,na,na,4238,11950964,2061054,1407904,807672,1938102,2323784,8443988,3044048,72326,46,na,na
pos,517566,na,na,na,na,na,0,0,0,0,66192,7975252,40461750,12912438,759642,20478,23111804,234882,278,na,0,0,46201662,38223816,19709456,7673782,na,0,1313210,0,na,na,66298,384076,723006,3650964,8239544,11956932,29111570,7867758,195604,0,852528,738544,898174,987056,3592788,52677270,2449372,16,2,2,29925136,12525556,5245032,4246492,3633044,3136756,2495572,969674,18462,28,65923930,na,na,na,na,23111804,1040084,9077304,10582736,334220,314580,298460,280840,271960,259620,266640,327300,110280,517565.91,65923930,65923930,65989402,298347,na,na,453620,62195752,1209600,na,na,na,na,51424931.52,0,10729936.32,24050,40786,0,0,6182,483788,17917456,36008126,6990518,572274,95116,122292,na,na,65923930,na,68660,13110,6774992,4683746,9886648,34566024,6086988,115566,18,0,na,na,na,na,na,na,na,na,na,na,na,na,na,na,na,na,na,na,na,561946,na,na,na,na,na,na,na,na,na,na,na,na,na,29470.64,33632,11139932,31020298,10661418,3321906,3956102,1217588,515170,199942,162696,700,na,na
pos,816316,na,56,na,0,0,0,0,0,0,0,0,0,0,0,0,21971642,12922,0,0,2203208,3946600,36482040,31612946,21919394,5914796,0,0,0,0,372,84,0,0,0,0,0,0,0,0,0,0,0,0,0,0,0,0,0,0,0,0,0,0,0,0,0,0,0,0,0,0,60609844,1166,1598,880,0,21971642,679768,12459926,9445462,547180,510480,469960,566320,586520,571900,446500,498700,22880,816316.4,60609844,60609844,252,0,11930,65374,64560,0,1209600,0,na,na,na,40681610.88,0,8632452.48,0,0,0,0,0,0,0,0,0,0,0,0,na,0,60609844,na,0,0,0,0,0,0,0,0,0,0,na,na,na,na,na,na,na,na,na,4074,372,0,0,0,0,0,0,0,0,439874,14288,3314,0,0,75396,11080,2766460,329090,0,0,0,0,6316400,0,0,0,0,0,0,0,0,0,0,0,0,0,0
pos,437486,0,na,na,0,0,0,96944,981638,2445458,4387124,4934430,1193480,292538,17296,90,11540160,3716,0,na,3997174,5265980,21756332,22841570,5441340,2397378,8,0,0,0,31244,14268,0,0,0,0,0,0,0,3483368,10865630,0,12554,16898,25734,31160,1230546,9670240,1414650,1947216,0,0,5221742,1769416,1238098,1116718,885608,675712,548194,490996,260324,2142190,31194474,9772,14692,11146,0,11540160,337506,1723248,3713394,312620,247260,212780,191520,153620,163260,172860,150260,246520,437486.14,31194474,31194474,14750100,101672,14908,na,939500,14362624,1209600,727278,na,na,na,22895272.32,1826874.24,5648574.72,714,1954,325324,905502,1102454,1428234,2822712,2303926,1903704,1923728,1202566,430848,na,8802,31194474,0,7542,1098,2763072,642524,757806,9753898,412292,10762,4,0,5470,60166,20560668,5244640,218046,20102,0,0,20907018,26604,462,na,na,na,na,na,na,na,na,213910,157224,42472,0,0,891918,187408,397700,198510,0,0,0,0,na,na,2236,3383586,1549146,1088628,576962,1260296,1452080,2642866,2303888,91546,0,0,0
pos,788878,na,na,na,na,na,0,0,0,3990,950718,17967680,27934698,4978328,120814,84,19493364,21108,15488,na,18580,38408,39559674,32019682,13533738,7362074,na,0,0,0,na,na,0,0,0,0,0,357450,22311638,15209352,14077872,0,32884,24494,35814,2429784,40285386,9147896,52,2,0,0,16004204,11948120,3612912,2807138,2396308,2609010,4385116,6948720,1209518,35266,53116064,na,na,na,na,19493364,721384,6658214,6831294,422340,383800,415560,357780,431000,417400,489340,452240,431780,788878,53116064,53116064,53155628,379873,na,na,1019900,51956312,1209600,na,na,na,na,44921192.64,0,7012589.76,na,na,0,0,93476,4886296,23739634,19828964,3051488,299534,54250,2670,na,na,53116064,na,35882,8664,1896720,3410762,7112524,35394790,4000822,96134,14,0,na,na,na,na,na,na,na,na,na,na,na,na,na,na,na,na,na,na,na,406012,na,na,na,na,na,na,na,na,na,na,na,na,na,na,na,7355176,9874762,6023836,3388662,6534054,5383914,5730380,3786252,3815898,63378,na,na
pos,927704,na,na,na,na,na,0,0,0,0,873238,16524392,35964774,4559440,28758,0,21766788,10864,0,na,15484,30744,46572842,38171764,14674938,6889692,na,0,0,0,na,na,0,0,0,2,58398,38662018,18023784,897066,309334,0,43216,36878,48194,78570,16292962,41432658,18124,0,0,0,17103016,12892218,4565104,3499338,3039784,3725218,7446742,5512148,166348,686,61273568,na,na,na,na,21766788,636500,7112334,7525924,244000,219520,216920,247240,228000,271120,283240,280320,147140,927703.55,61273568,61273568,60080620,423707,na,na,657220,57950602,1209600,na,na,na,na,52950217.92,0,4962260.16,na,na,0,0,97330,5914258,29881766,19587490,1950092,430130,87880,1656,na,na,61273568,na,61700,13038,3105564,2212294,10549224,39493654,2490496,24632,0,0,na,na,na,na,na,na,na,na,na,na,na,na,na,na,na,na,na,na,na,443052,na,na,na,na,na,na,na,na,na,na,na,na,na,na,na,5216042,10753356,8021834,4459810,9243110,7679480,6136584,3369664,2950320,120402,na,na
pos,420272,na,0,na,0,0,0,0,0,4390,1077204,7730788,14088570,4372008,50394,0,13282638,624,20984,na,22640,31402,24076010,21210656,3844904,2521074,0,0,0,0,0,0,0,0,0,0,0,17944,3053228,19427430,4824752,0,93474,79458,120228,164264,12521398,14321858,22668,6,0,0,10218994,4582468,2440692,1778220,1469570,1445660,1880820,2742978,720828,43124,27946580,2760,2580,1548,738,13282638,353086,2085876,1746690,199980,174680,193620,134840,142460,106780,141140,165300,12840,420271.93,27946580,27946580,27706048,192702,1732978,na,79020,27323354,1209600,0,na,na,na,24441314.88,0,2857917.12,na,na,0,0,154288,3808050,10977924,10265026,1906016,170188,40946,916,na,0,27946580,na,25128,4214,1015884,1050826,1786662,21948860,1454656,37124,0,0,na,na,na,na,na,na,na,na,na,13984,268,0,0,0,0,0,0,0,0,194758,388848,65682,0,0,1192500,164746,37068420,9207118,0,0,0,0,135477840,na,na,2980428,6262908,3797700,1676296,3105944,2400308,2185156,1826890,3045574,42150,0,0
pos,470022,na,na,na,0,0,34,34864,729294,3860248,11802520,15758274,5869372,1403010,286538,14816,17892612,144336,0,na,1396046,2243280,29070618,23073062,10568870,6722350,2,0,37484,0,10916,3352,0,0,0,0,0,0,30454,12441580,27286934,2,180760,101422,140790,272582,17573254,21490160,2,0,0,0,10972050,12069304,4427458,3084442,2267996,1742898,1343020,1892078,1491002,468722,41038662,180,282,1314,2192,17892612,594550,3040394,7511390,410220,479320,407820,345480,327460,279500,273200,306020,330720,470021.17,41038662,41038662,41071564,283269,14158,na,1070300,39758970,1209600,943836,na,na,na,29250025.92,0,10479729.6,3740,11722,93238,1341586,4443502,12440280,13718754,6980686,662912,66588,11276,148,na,5248,41038662,na,24226,4724,4475426,4788204,7054514,23183120,228756,0,0,0,2530,16236,21297828,17078,24,9378,0,0,22185518,37926,2684,na,na,na,na,na,na,na,na,453472,298158,76462,2624791420,17833018,1438846,198198,1071440,361380,32933838,4808,0,0,na,9207.78,10852,10699400,6380564,6131560,2987872,5997906,5151240,2067400,329446,13582,0,0,0
pos,459170,na,0,na,0,0,0,0,0,0,365944,6878976,16446022,4756616,27288,0,13585980,4738,0,na,1728,2118,26696520,24838724,2751716,1284212,0,0,0,0,0,0,0,0,0,0,0,23220,1052836,27271910,126880,0,21962,8262,13848,30280,9583052,18811348,6082,12,0,0,10654966,5066990,2878782,2209964,1910596,1935544,2296184,1368734,148746,4340,29457954,120,548,534,1212,13585980,223528,1245042,1493474,146940,118300,186000,90040,97520,90500,82060,88160,50220,459169.19,29457954,29457954,29058536,185013,2589514,na,332100,28474846,1209600,0,na,na,na,25770877.44,0,2662235.52,na,na,0,0,13886,2181948,12068484,11879294,2121444,177222,31640,928,na,0,29457954,na,32756,6364,1131722,1377334,3473376,19939384,2465016,48892,2,0,na,na,na,na,na,na,na,na,na,26090,984,na,na,na,na,na,na,na,na,136540,320514,60694,0,0,783692,100624,50762460,7356986,0,0,0,0,na,na,na,2819632,5257694,3585190,1706650,3907414,3866320,3317938,1945312,2041704,26992,0,0
pos,298418,na,758,592,0,0,0,16532,185432,2527400,5108956,5448306,2988024,759154,155052,0,6805620,572,0,na,1270424,1726160,13478148,13116564,2918564,1278220,6,0,0,0,2444,1036,0,0,0,0,0,0,0,3345860,13842992,0,9588,3136,5914,12204,725384,16432592,34,0,0,0,3787736,6128524,3677974,1605182,690464,426880,336936,295400,127276,112478,17669800,5632,14404,2188,2,6805620,196040,922992,1989734,241300,193100,189500,192880,186760,216460,225800,182440,289620,298418.42,17669800,17669800,17717040,107796,13986,na,705860,17188846,1209600,374126,0,716,0,14853667.2,0,2326155.84,na,na,50060,1222014,4313306,6581200,4199544,750028,60022,12088,588,0,322,342,17669800,na,12476,2520,1237506,977006,3149382,11778050,31910,0,0,0,676,1662,14770172,6422202,0,14486,0,0,14956166,13290,21112,0,0,0,0,0,0,0,0,114558,54676,15302,0,0,451822,70026,33140,32384,0,0,0,0,36989670,na,na,2418204,1827344,1405826,480178,1176638,2430398,2377636,5006194,66434,0,0,0
pos,56576,na,4650,3190,0,0,0,0,0,0,38270,2669042,3837642,1227588,677056,226380,4396340,213048,142,0,4648,18200,5505962,2932578,3600460,2461906,0,0,2916032,0,14028,3254,0,0,1238696,7258890,4566,9916,6748,61182,95980,0,3072,2442,3018,2988,286096,8378330,6,24,2,0,4907488,600820,284328,273494,353324,763562,1174192,318528,222,20,9111500,148,404,1564,52,4396340,226748,1116476,2469216,604980,549200,571780,519040,425700,313640,269820,na,334960,56576.79,9111500,9111500,9035640,74608,668030,55820,633640,8675978,1209600,200060,30,68,0,6268764.48,0,2399522.88,0,1140,0,0,5578,710346,2450590,4525448,952042,29090,2546,338,3416,7698,9111500,na,4550,1136,1320884,623118,4830798,1892906,2586,0,0,0,3060,8864,309406,1334,0,8538,0,0,3461110,12534,292,0,0,0,0,0,0,0,0,201722,3556,596,0,0,230138,27672,11073760,3183962,1824384,59970,0,0,23729790,1542.74,1878,2436376,3929624,2265588,16206,26870,768,282,250,14,0,0,0
pos,733868,0,0,140,0,0,0,0,45630,1400206,7877016,9038940,3360968,391692,26780,536,21973330,0,178,na,1941516,2872770,37327614,33949308,10195070,3422490,0,0,0,0,0,0,0,0,0,0,0,0,0,978076,21163692,0,98346,52846,87954,160020,456406,19614312,1014222,657662,0,0,5528020,8654494,4218382,1088244,688666,673696,635746,471068,166108,17344,49480846,0,0,0,0,21973330,662900,4125180,6044794,270840,219680,316280,272560,232500,228000,260660,205800,224480,733868.54,49480846,49480846,48224198,110893,0,na,953360,45254378,1209600,0,0,270,0,39487005.12,0,5710580.16,1124,9794,8930,131346,1062486,2657516,6654376,5460096,3843754,2058664,240936,23664,106,0,49480846,0,53294,9514,1096640,1698378,623604,15558534,2976136,125404,264,0,132,520,13222030,7981250,0,13110,0,0,13517686,0,0,0,0,0,0,0,0,0,0,401262,0,0,0,0,0,0,0,0,0,0,0,0,0,16839.34,16064,2855222,3770490,1509130,488168,923370,5018730,7307740,262902,6016,0,0,0
pos,137940,na,264,148,0,0,0,1752,149486,1534166,6054946,3057198,407618,14860,0,0,4258526,0,0,0,560516,772298,8757792,8226942,2071160,930442,0,0,0,0,2750,708,0,0,0,0,0,0,0,3645742,7560784,13500,27010,18368,33566,64180,498432,10578458,12,0,0,0,3921996,2751730,1410662,959324,585644,367766,279082,390992,500818,52012,11390888,82,5770,14942,2,4258526,124764,507368,1560380,265220,203940,240540,216120,198320,178900,191700,222260,119080,137940.43,11390888,11390888,11528768,69691,18,41362,490340,11220026,1209600,231442,0,872,0,7297436.16,0,3912079.68,632,1928,8928,504950,2781426,6183582,1567332,151764,17890,3898,256,0,194,212,11390888,na,8222,940,1473530,2332922,3082596,4313034,8782,0,0,0,314,1288,7278192,2579280,0,98,0,0,7397176,11386,3050,0,0,0,0,0,0,0,0,67414,41606,13212,17828546,2384112,151252,51438,43000,6616,11238932,42270,0,0,12447030,2035.34,2592,3967444,1095760,841534,372982,887390,1402466,1758060,874390,20000,0,0,0
pos,64952,0,1272,902,0,0,0,3268,186684,1832492,4689994,6562292,5918500,3194194,1294314,174326,9038904,570090,352,598,727224,2153638,16536102,14725854,7029712,2206220,28,0,825924,6132,6730,1154,0,0,0,0,0,0,0,4934028,18922016,20,30966,14446,25662,44406,100876,17981310,1901444,3756508,446,0,14347474,7998388,692340,307482,177066,123512,82740,55190,30674,41198,24294324,736,2026,5806,166,9038904,188356,518322,6503802,972300,875360,805260,751440,702640,688860,527520,247180,67020,64952.57,24294324,24294324,24159300,54948,5966,115730,82660,23881670,1209600,223356,208,218,0,4485957.12,11555038.08,7818706.56,518,1622,66280,698480,2307360,3736334,6407948,6036162,3018758,1227964,316814,39964,368,470,24294324,0,16362,1804,1903286,10628166,4759072,4550386,1931594,64492,900,2,1704,2100,4325726,813304,216,594,0,0,4582424,15268,758,0,0,23480,11569642,0,0,0,0,165902,19854,5312,0,0,219136,34052,42880,18112,0,0,0,0,7271710,5781.4,5538,19479258,1599656,621934,222504,475288,553688,420948,470258,12530,0,0,0
pos,967376,na,8660,8660,0,0,0,0,0,18,513280,12302736,41147692,17468024,1524060,88908,40087946,64110,114,0,1204,2404,57331360,43625594,18552110,12356964,0,0,184146,0,39544,4714,0,0,0,0,0,1969528,26127882,34746202,10201106,0,139416,116422,322908,32531744,37435044,2499170,10,4,0,0,17626170,15721472,4642490,4638524,4742436,4399460,4655052,7941122,6854540,1823452,75895424,2580,5184,6038,1232,40087946,1782836,8146028,10348022,343580,388800,332700,338940,378920,296920,213360,291700,133020,967375.14,75895424,75895424,74906530,556597,3067094,105448,764300,73044718,1209600,2188060,50800,4540,0,61258018.56,0,11711916.48,0,0,0,0,24056,2214320,18823486,37549892,13163786,1056916,187808,24454,7748,7918,75895424,na,56870,15478,4095834,11675344,38743282,17235566,1211596,10748,0,0,10288,31772,34544008,1284838,13482,1965144,0,0,55746434,48682,1840,0,0,0,0,0,0,0,0,1368804,837546,147966,0,0,1997840,378934,70659380,13469612,38991974,228384,0,0,614367880,31795.44,25226,12113090,16364632,11377600,5432058,11165988,8940384,4927202,1868356,855366,42,0,0
pos,859228,0,604,na,0,0,0,1152,268268,3204466,8535296,6137616,2345718,264748,20370,18,23629576,7700,0,0,4052592,5990904,43873760,39575362,16098440,6796052,2,0,0,0,5102,1590,0,0,0,0,0,0,0,3591506,17186146,0,86896,55492,74282,86546,124552,13617244,3501258,3195038,36344,0,8446910,3464216,2195474,1516086,1057240,768126,567356,461898,267164,2033182,64035448,7290,13990,3346,0,23629576,744458,5330926,10750460,434740,243960,275120,284100,327260,346020,372060,379940,418300,859228.69,64035448,64035448,63107356,121241,35328,12318,1036580,60877358,1209600,0,na,na,na,46251143.04,0,14559562.56,4492,8912,89500,399156,2398446,3380692,5793014,4720414,2926676,827170,199240,43344,na,0,64035448,0,33760,4362,1395502,3191982,1079270,12691358,2301758,79350,310,0,na,na,na,na,na,na,na,na,na,11782,524,0,0,0,0,0,0,0,0,518410,51462,13522,0,0,346762,49132,31311040,3459936,0,0,0,0,19889640,9893.08,9602,4743344,2768138,1317226,640108,1560522,6903298,2187952,631714,25340,10,0,0
pos,1047110,na,5608,1858,0,0,0,0,0,1213944,9201056,13372032,4445804,587066,27592,0,32110886,3908,0,0,2930832,4562556,51220720,44397340,21242694,7624462,0,0,0,0,15768,5080,0,0,0,0,0,0,1143828,26954994,748668,0,138652,72654,81004,73284,4298794,24183096,6,0,0,0,9952524,8255662,2307474,1824164,1409964,1129720,1016324,1282402,1074976,594280,75408538,3030,30394,140842,1656,32110886,1129830,9020640,12200068,355380,351740,337180,282620,325220,322460,365700,351320,57920,1047110.1,75408538,75408538,31184922,136989,11562,38860,286620,28847510,1209600,1802364,1098,516,0,53685169.92,0,13822125.12,5368,11438,0,102464,4674398,12377066,8198964,2935396,473682,77212,8156,152,1352,3660,75408538,na,27780,6850,2331636,3586428,3447138,19138358,308002,1298,0,0,3962,1210,22790404,6978754,0,276,0,0,23723118,203390,5374,0,0,0,0,0,0,0,0,689346,366340,118544,82196268,14022448,1903924,539736,90320,93710,69264418,39330,0,0,33781020,14503.98,12916,6093502,3428036,2329436,1014358,1817662,2116664,5138200,6671862,237756,16,0,0
